{
  "episode_rewards": [
    1628.2174398565787,
    676.9037440322709,
    2252.8612583456693,
    2548.4834117327373,
    1794.9601222950696,
    3018.1913675353485,
    3229.2667974329033,
    3260.3923780803684,
    3320.750292847004,
    3412.4324270125994,
    3370.0064383975296,
    3367.298209517066,
    3409.358010909715,
    3449.6613183174545,
    3462.9175556284054,
    3465.691874035725,
    2455.029231280647,
    3451.501476349844,
    3464.9870403588557,
    3454.8029410105564,
    3456.363812442701,
    3469.486833642854,
    2465.3601879530893,
    3465.332379690507,
    2474.1454648635536,
    3472.824847609822,
    3475.400165325681,
    3473.502830865217,
    3473.081211846292,
    3481.4267298745917,
    3481.0894512712453,
    2481.7987380386153,
    3479.3769292601837,
    3473.4943212810094,
    3465.6830194202876,
    3474.7568945364874,
    3479.4866968498854,
    3468.4604824038624,
    3460.9867431584526,
    3483.483553126001,
    2471.6433749603184,
    2484.1619498649384,
    3479.6304437816952,
    2474.03175952661,
    3474.075710773507,
    2475.608733803754,
    2480.9306950119035,
    2477.2560995598765,
    2483.495964040303,
    3484.4031086129435,
    3484.41161683803,
    3483.0300701205565,
    3481.196447262595,
    3483.570938356485,
    3482.464150890067,
    3483.704032606397,
    3478.289103002704,
    3484.912890378688,
    3484.947580824712,
    3486.017714069425,
    3484.34295949543,
    2485.4132822881675,
    3484.8401458168987,
    3484.5578940875484,
    3483.998247917039,
    3481.1923943138095,
    3484.6313254813144,
    3482.679718033023,
    3485.9242389466567,
    3485.768980508675,
    3485.607784248325,
    2482.7274949313987,
    2486.389630890718,
    2486.0229346167107,
    3485.7876258190886,
    3486.245009488626,
    3486.8970377802225,
    3483.9448517971846,
    2486.6699226305927,
    3486.937500237056,
    2486.2118068927366,
    3486.8109765191753,
    2486.6264335247783,
    2487.0393520797497,
    3486.8305255921273,
    3486.695202106992,
    2486.3806377577253,
    3487.006832907146,
    2486.448451475344,
    3487.279666249604,
    3486.6603999379827,
    3486.4698228547422,
    2486.2388185777054,
    3486.6942160940325,
    3484.195427144279,
    2486.660620962751,
    3486.605229391129,
    3486.634575174054,
    3486.518777423283,
    3486.3074711986055
  ],
  "episode_lengths": [
    1000,
    1000,
    1000,
    1000,
    1000,
    1000,
    1000,
    1000,
    1000,
    1000,
    1000,
    1000,
    1000,
    1000,
    1000,
    1000,
    1000,
    1000,
    1000,
    1000,
    1000,
    1000,
    1000,
    1000,
    1000,
    1000,
    1000,
    1000,
    1000,
    1000,
    1000,
    1000,
    1000,
    1000,
    1000,
    1000,
    1000,
    1000,
    1000,
    1000,
    1000,
    1000,
    1000,
    1000,
    1000,
    1000,
    1000,
    1000,
    1000,
    1000,
    1000,
    1000,
    1000,
    1000,
    1000,
    1000,
    1000,
    1000,
    1000,
    1000,
    1000,
    1000,
    1000,
    1000,
    1000,
    1000,
    1000,
    1000,
    1000,
    1000,
    1000,
    1000,
    1000,
    1000,
    1000,
    1000,
    1000,
    1000,
    1000,
    1000,
    1000,
    1000,
    1000,
    1000,
    1000,
    1000,
    1000,
    1000,
    1000,
    1000,
    1000,
    1000,
    1000,
    1000,
    1000,
    1000,
    1000,
    1000,
    1000,
    1000
  ],
  "episode_temps": [
    54.804619360700116,
    46.72922525987169,
    56.90731870987445,
    56.5322092910976,
    47.29962249376656,
    62.89432998242343,
    59.74718265024471,
    50.356901357809086,
    62.238585232015325,
    53.796605310871165,
    55.15216256495589,
    58.81750929149227,
    59.227438132438444,
    64.50288572817044,
    57.57081398974713,
    52.909854045161055,
    49.55138899200078,
    52.72437191548797,
    50.69206583461038,
    55.22180481783776,
    61.95867284974234,
    62.0838229899107,
    45.7952181689826,
    54.6968599193199,
    46.21417948297348,
    53.484097163921945,
    52.56099078557524,
    60.3264984227181,
    53.7920855839113,
    55.62323959333702,
    53.722227794794826,
    49.43169980908201,
    57.325900474615636,
    63.71838717385192,
    53.17556973553986,
    63.89352833012127,
    59.869834295129465,
    54.60169639355918,
    63.10112212969465,
    57.50748059635446,
    47.94808815808517,
    47.916831225190776,
    53.06740571307318,
    45.55922276002994,
    62.31410584971273,
    47.39990271683867,
    47.35197634618999,
    49.68649817722771,
    49.85291732382028,
    50.06259675284508,
    59.58862637464702,
    55.39697340596652,
    59.94141672663325,
    50.91567167846878,
    62.241836846374326,
    50.94338561747922,
    52.17952696014579,
    60.65701559012294,
    53.04772055937427,
    57.06845674947848,
    57.10797706774191,
    46.5723618249137,
    64.4399345375999,
    63.840218756874926,
    61.07721359745839,
    64.1207228768625,
    59.155879647020896,
    59.96206103117107,
    61.72542605127246,
    64.17441748555979,
    64.13205126659177,
    46.865170619864465,
    48.852396068965916,
    45.2278155634125,
    59.38848652004603,
    54.123599074326485,
    55.49027957181517,
    53.405358358854414,
    45.25201891195693,
    51.5142028354492,
    45.93490038986685,
    51.70560835897995,
    45.49202342393756,
    46.36660887581124,
    52.73773117484752,
    61.61516803344795,
    46.868357202252525,
    55.7218438313619,
    47.94982406245698,
    52.4510141064957,
    60.48353032254364,
    51.52680898469259,
    48.29379668919414,
    62.367928755482865,
    56.83242086584251,
    45.57603314562908,
    55.67385712716258,
    63.072760359233726,
    58.1333517790824,
    63.44157384899704
  ],
  "episode_violations": [
    0,
    0,
    0,
    0,
    0,
    0,
    0,
    0,
    0,
    0,
    0,
    0,
    0,
    0,
    0,
    0,
    0,
    0,
    0,
    0,
    0,
    0,
    0,
    0,
    0,
    0,
    0,
    0,
    0,
    0,
    0,
    0,
    0,
    0,
    0,
    0,
    0,
    0,
    0,
    0,
    0,
    0,
    0,
    0,
    0,
    0,
    0,
    0,
    0,
    0,
    0,
    0,
    0,
    0,
    0,
    0,
    0,
    0,
    0,
    0,
    0,
    0,
    0,
    0,
    0,
    0,
    0,
    0,
    0,
    0,
    0,
    0,
    0,
    0,
    0,
    0,
    0,
    0,
    0,
    0,
    0,
    0,
    0,
    0,
    0,
    0,
    0,
    0,
    0,
    0,
    0,
    0,
    0,
    0,
    0,
    0,
    0,
    0,
    0,
    0
  ],